花名,doc_count,pmi_top_words,top10_preview
虞美人,21,"[[""不迁"", 3.2515, 2], [""君山"", 3.2515, 2], [""明妃"", 3.2515, 2], [""不屈"", 3.2515, 2], [""笛曲"", 3.2515, 3], [""牵强附会"", 3.2515, 2], [""宁愿"", 3.2515, 3], [""昭君"", 3.2515, 2], [""白玉堂"", 3.2515, 2], [""湘娥"", 3.2515, 2], [""足迹"", 3.2515, 2], [""感性"", 3.2515, 2], [""几度"", 3.2515, 2], [""环佩"", 3.2515, 2], [""惨烈"", 3.2515, 2], [""共名"", 3.2515, 2], [""交替"", 3.2515, 2], [""绝伦"", 3.2515, 2], [""惨痛"", 3.2515, 2], [""虚托"", 3.2515, 2], [""国破"", 3.2515, 2], [""破国"", 3.2515, 2], [""姜夔"", 3.2515, 7], [""换移"", 3.2515, 2], [""带恨"", 3.2515, 2], [""拟喻"", 3.2515, 2], [""时势"", 3.2515, 2], [""傲立"", 3.2515, 2], [""倚修"", 3.2515, 2], [""后果"", 3.2515, 2]]",不迁、君山、明妃、不屈、笛曲、牵强附会、宁愿、昭君、白玉堂、湘娥
菊花,20,"[[""黄巢"", 3.3219, 2], [""补叙"", 3.3219, 2], [""旷朗"", 3.3219, 3], [""寒菊"", 3.3219, 4], [""次第"", 3.3219, 2], [""发响"", 3.3219, 2], [""收煞"", 3.3219, 2], [""声称"", 3.3219, 2], [""恣意"", 3.3219, 2], [""松菊"", 3.3219, 3], [""浓墨"", 3.3219, 4], [""劲直"", 3.3219, 2], [""重阳节"", 3.3219, 5], [""老圃"", 3.3219, 2], [""三径"", 3.3219, 2], [""本质特征"", 3.3219, 3], [""慧眼"", 3.3219, 2], [""捕捉"", 3.3219, 2], [""转达"", 3.3219, 2], [""外物"", 3.3219, 2], [""成堆"", 3.3219, 2], [""欢快"", 3.3219, 4], [""本作"", 3.3219, 2], [""高朗"", 3.3219, 3], [""遥怜"", 3.3219, 2], [""亲友"", 3.3219, 2], [""足堪"", 3.3219, 2], [""战场"", 3.3219, 2], [""墨菊"", 3.3219, 2], [""闪动"", 3.3219, 2]]",黄巢、补叙、旷朗、寒菊、次第、发响、收煞、声称、恣意、松菊
红梅,16,"[[""遍长"", 3.6439, 2], [""梅朵"", 3.6439, 2], [""浇灌"", 3.6439, 2], [""应作"", 3.6439, 2], [""种梅"", 3.6439, 2], [""命笔"", 3.6439, 2], [""青枝"", 3.6439, 2], [""酒晕"", 3.6439, 2], [""贪睡"", 3.6439, 3], [""独开"", 3.6439, 3], [""杏色"", 3.6439, 2], [""预报"", 3.6439, 3], [""寒梅"", 3.6439, 2], [""春态"", 3.6439, 2], [""石曼卿"", 3.6439, 2], [""肯随"", 3.6439, 2], [""寒心"", 3.6439, 2], [""红桃"", 3.6439, 3], [""春信"", 3.6439, 3], [""认桃"", 3.6439, 2], [""何解"", 3.6439, 2], [""相从"", 3.6439, 2], [""刚好"", 3.6439, 2], [""极紧"", 3.6439, 2], [""延伸"", 3.6439, 2], [""安泰"", 3.6439, 2], [""真个"", 3.6439, 2], [""聊赠"", 3.6439, 3], [""冯君豪"", 3.6439, 10], [""庾园"", 3.6439, 2]]",遍长、梅朵、浇灌、应作、种梅、命笔、青枝、酒晕、贪睡、独开
樱桃花,14,"[[""贫寒"", 3.8365, 2], [""西蜀"", 3.8365, 3], [""孙展"", 3.8365, 2], [""洒满"", 3.8365, 2], [""不安"", 3.8365, 3], [""孙晨"", 3.8365, 2], [""浓缩"", 3.8365, 2], [""县令"", 3.8365, 2], [""昌州"", 3.8365, 2], [""红中"", 3.8365, 2], [""渲泄"", 3.8365, 2], [""质感"", 3.8365, 3], [""泛白"", 3.8365, 2], [""壮观"", 3.8365, 2], [""前线"", 3.8365, 2], [""尘沙"", 3.8365, 2], [""穷尽"", 3.8365, 2], [""定然"", 3.8365, 2], [""海棠树"", 3.8365, 3], [""占据"", 3.8365, 2], [""始见"", 3.8365, 2], [""姚魏"", 3.8365, 2], [""铺满"", 3.8365, 2], [""有色"", 3.8365, 2], [""沈立"", 3.8365, 2], [""忧怨"", 3.8365, 2], [""少见"", 3.8365, 2], [""和盘托出"", 3.8365, 2], [""烧高"", 3.8365, 2], [""文情"", 3.8365, 2]]",贫寒、西蜀、孙展、洒满、不安、孙晨、浓缩、县令、昌州、红中
榴花,10,"[[""美态"", 4.3219, 2], [""何须"", 4.3219, 2], [""绝美"", 4.3219, 2], [""继写"", 4.3219, 2], [""榴花"", 4.3219, 10], [""红者"", 4.3219, 2], [""诗史"", 4.3219, 2], [""眷眷"", 4.3219, 2], [""标本"", 4.3219, 2], [""妖冶"", 4.3219, 2], [""托意"", 4.3219, 2], [""石榴花"", 4.3219, 4], [""海榴"", 4.3219, 2], [""蜡珠"", 4.3219, 2], [""西邻"", 4.3219, 2], [""落绛"", 4.3219, 2], [""石榴"", 3.9594, 7], [""美艳"", 3.737, 4], [""并用"", 3.737, 2], [""低回"", 3.737, 2], [""花工"", 3.737, 2], [""拳拳"", 3.737, 2], [""对饮"", 3.737, 2], [""宋史"", 3.737, 2], [""似是"", 3.737, 2], [""诗家"", 3.585, 3], [""幸运"", 3.585, 3], [""钟爱"", 3.585, 3], [""直言"", 3.5146, 4], [""海龙"", 3.4739, 5]]",美态、何须、绝美、继写、榴花、红者、诗史、眷眷、标本、妖冶
水仙花,8,"[[""圣洁"", 4.6439, 2], [""淤泥"", 4.6439, 2], [""洛水"", 4.6439, 2], [""湘灵"", 4.6439, 2], [""单瓣"", 4.6439, 2], [""水仙"", 4.3219, 8], [""湘妃"", 4.2288, 3], [""水仙花"", 4.2288, 6], [""纪念"", 4.0589, 2], [""苍梧"", 4.0589, 2], [""极富"", 4.0589, 2], [""宓妃"", 4.0589, 2], [""类比"", 4.0589, 2], [""凌波仙子"", 4.0589, 2], [""二女"", 4.0589, 2], [""进去"", 4.0589, 2], [""湘水"", 3.9069, 3], [""二妃"", 3.6439, 2], [""南望"", 3.6439, 1], [""长叶"", 3.6439, 1], [""壮烈"", 3.6439, 1], [""逗引"", 3.6439, 1], [""伟大"", 3.6439, 2], [""原始"", 3.6439, 1], [""飘忽"", 3.6439, 1], [""巧用"", 3.6439, 1], [""平庸"", 3.6439, 1], [""付诸"", 3.6439, 1], [""契合"", 3.6439, 1], [""玉簪"", 3.6439, 2]]",圣洁、淤泥、洛水、湘灵、单瓣、水仙、湘妃、水仙花、纪念、苍梧
桂花,8,"[[""天竺"", 4.6439, 2], [""桂枝"", 4.6439, 2], [""天香云"", 4.6439, 2], [""宋之问"", 4.6439, 2], [""粟玉"", 4.6439, 2], [""物候"", 4.6439, 2], [""剪叶"", 4.6439, 2], [""芳华"", 4.6439, 2], [""桂树"", 4.4512, 7], [""桂子"", 4.3219, 4], [""咏桂"", 4.3219, 4], [""灵隐寺"", 4.2288, 3], [""飞来峰"", 4.0589, 2], [""耿介"", 4.0589, 2], [""仙品"", 4.0589, 2], [""桂香"", 4.0589, 2], [""洒落"", 4.0589, 2], [""纯粹"", 4.0589, 2], [""扩大"", 4.0589, 2], [""摇落"", 4.0589, 2], [""张文潜"", 4.0589, 2], [""梦游"", 4.0589, 2], [""山海经"", 4.0589, 2], [""不羁"", 4.0589, 2], [""常青"", 4.0589, 2], [""正当"", 4.0589, 2], [""桂花"", 3.8662, 7], [""神宗"", 3.6439, 1], [""争斗"", 3.6439, 1], [""御史中丞"", 3.6439, 1]]",天竺、桂枝、天香云、宋之问、粟玉、物候、剪叶、芳华、桂树、桂子
木芙蓉,8,"[[""用到"", 4.6439, 2], [""回头"", 4.6439, 2], [""屡次"", 4.6439, 2], [""劲吹"", 4.6439, 2], [""池塘"", 4.2288, 3], [""特殊性"", 4.0589, 2], [""不无"", 4.0589, 2], [""霜花"", 4.0589, 2], [""木芙蓉"", 3.7694, 6], [""把握住"", 3.6439, 1], [""鄂君"", 3.6439, 1], [""炫目"", 3.6439, 1], [""富丽"", 3.6439, 1], [""理会"", 3.6439, 1], [""见物"", 3.6439, 1], [""科举"", 3.6439, 1], [""仿效"", 3.6439, 1], [""浣纱"", 3.6439, 1], [""成其为"", 3.6439, 1], [""白莲花"", 3.6439, 1], [""绿珠"", 3.6439, 1], [""高启"", 3.6439, 1], [""做到"", 3.6439, 1], [""俗人"", 3.6439, 1], [""融洽"", 3.6439, 1], [""端合"", 3.6439, 1], [""陆龟蒙"", 3.6439, 2], [""王昭君"", 3.6439, 1], [""古属"", 3.6439, 1], [""迎合"", 3.6439, 1]]",用到、回头、屡次、劲吹、池塘、特殊性、不无、霜花、木芙蓉、把握住
梅花,6,"[[""江头"", 5.0589, 2], [""醉卧"", 5.0589, 2], [""梦觉"", 5.0589, 2], [""赵伯陶"", 5.0589, 2], [""松风亭"", 5.0589, 2], [""七古"", 4.6439, 3], [""连贯"", 4.4739, 2], [""阶下"", 4.4739, 2], [""满腹"", 4.4739, 2], [""辉映"", 4.4739, 2], [""梅花诗"", 4.4739, 2], [""深雪"", 4.4739, 2], [""前村"", 4.4739, 2], [""齐己"", 4.4739, 2], [""惠州"", 4.4739, 2], [""岭南"", 4.4739, 2], [""愁肠"", 4.0589, 1], [""徐陵"", 4.0589, 1], [""英华"", 4.0589, 1], [""触动"", 4.0589, 1], [""旋转"", 4.0589, 1], [""定下"", 4.0589, 1], [""丝织品"", 4.0589, 1], [""大者"", 4.0589, 1], [""莲井"", 4.0589, 1], [""毋宁"", 4.0589, 1], [""忍不住"", 4.0589, 1], [""行动"", 4.0589, 1], [""心酸"", 4.0589, 1], [""宫体诗"", 4.0589, 1]]",江头、醉卧、梦觉、赵伯陶、松风亭、七古、连贯、阶下、满腹、辉映
桃花,6,"[[""地想"", 5.0589, 2], [""徐荣街"", 5.0589, 2], [""所忆"", 5.0589, 2], [""朝霞"", 5.0589, 2], [""飞人"", 5.0589, 2], [""桃叶"", 5.0589, 2], [""太平广记"", 5.0589, 2], [""亦桃亦"", 5.0589, 2], [""人面桃花"", 5.0589, 2], [""溪流"", 5.0589, 3], [""相映红"", 5.0589, 2], [""柔情"", 5.0589, 2], [""桃树"", 4.7959, 5], [""桃源"", 4.4739, 2], [""红润"", 4.4739, 2], [""穿过"", 4.4739, 2], [""刘晨"", 4.4739, 2], [""天台山"", 4.4739, 2], [""小说"", 4.3219, 3], [""炼字"", 4.0589, 1], [""叫绝"", 4.0589, 1], [""风力"", 4.0589, 1], [""不来"", 4.0589, 1], [""偷偷"", 4.0589, 1], [""尤多"", 4.0589, 1], [""揣摩"", 4.0589, 1], [""绝对"", 4.0589, 1], [""杜臆"", 4.0589, 1], [""波动"", 4.0589, 1], [""飞花"", 4.0589, 1]]",地想、徐荣街、所忆、朝霞、飞人、桃叶、太平广记、亦桃亦、人面桃花、溪流
荷花,5,"[[""采莲曲"", 5.3219, 3], [""民歌"", 5.3219, 3], [""采莲女"", 5.3219, 3], [""揉碎"", 5.3219, 2], [""莲女"", 5.3219, 3], [""东升"", 5.3219, 2], [""诗绪"", 5.3219, 2], [""少年郎"", 5.3219, 2], [""打听"", 5.3219, 2], [""叩击"", 5.3219, 2], [""湖面"", 5.3219, 2], [""采莲"", 4.9069, 3], [""莲子"", 4.737, 2], [""不正"", 4.737, 2], [""凉风"", 4.737, 2], [""娇姿"", 4.3219, 1], [""垂杨"", 4.3219, 1], [""处理"", 4.3219, 1], [""公子"", 4.3219, 1], [""发红"", 4.3219, 1], [""藕丝"", 4.3219, 1], [""南海"", 4.3219, 1], [""出城"", 4.3219, 1], [""徐陵"", 4.3219, 1], [""张华"", 4.3219, 1], [""照顾"", 4.3219, 1], [""仪态万方"", 4.3219, 1], [""艺术形象"", 4.3219, 1], [""露重"", 4.3219, 1], [""陈洪"", 4.3219, 2]]",采莲曲、民歌、采莲女、揉碎、莲女、东升、诗绪、少年郎、打听、叩击
杨花,5,"[[""晴天"", 5.3219, 2], [""撩乱"", 5.3219, 3], [""柳花"", 5.3219, 2], [""飘飚"", 5.3219, 2], [""章台柳"", 5.3219, 2], [""安史"", 5.3219, 2], [""夺胎"", 5.3219, 2], [""杨花词"", 5.3219, 3], [""怀疑"", 5.3219, 2], [""奔散"", 5.3219, 2], [""花被"", 5.3219, 2], [""坠地"", 5.3219, 2], [""柳氏"", 5.3219, 2], [""沾满"", 5.3219, 2], [""衣襟"", 5.3219, 2], [""起飞"", 5.3219, 2], [""游丝"", 5.3219, 2], [""人泪"", 5.3219, 2], [""辽西"", 5.3219, 2], [""金昌"", 5.3219, 2], [""白丝行"", 5.3219, 2], [""质夫"", 5.3219, 2], [""咏杨花"", 5.3219, 2], [""杨花飞"", 5.3219, 2], [""落絮"", 5.3219, 2], [""章词"", 5.3219, 2], [""韵脚"", 5.3219, 2], [""飞絮"", 4.9069, 3], [""杨花"", 4.8365, 5], [""吹送"", 4.737, 2]]",晴天、撩乱、柳花、飘飚、章台柳、安史、夺胎、杨花词、怀疑、奔散
牡丹,4,"[[""地脉"", 5.6439, 2], [""花品"", 5.0589, 2], [""翰林学士"", 5.0589, 2], [""一气"", 5.0589, 2], [""朝云"", 5.0589, 2], [""国色"", 4.6439, 2], [""太真妃"", 4.6439, 1], [""询问"", 4.6439, 1], [""扶不起"", 4.6439, 1], [""晓寒"", 4.6439, 1], [""杂说"", 4.6439, 1], [""更替"", 4.6439, 1], [""邱鸣皋"", 4.6439, 1], [""北倚"", 4.6439, 1], [""李调元"", 4.6439, 1], [""雨村"", 4.6439, 1], [""美人迟暮"", 4.6439, 1], [""慵懒"", 4.6439, 1], [""忧心"", 4.6439, 1], [""怀旧"", 4.6439, 1], [""上句"", 4.6439, 1], [""盛世"", 4.6439, 1], [""急转"", 4.6439, 1], [""鸡漫志"", 4.6439, 1], [""极点"", 4.6439, 1], [""寒食"", 4.6439, 1], [""丝竹"", 4.6439, 1], [""真妃"", 4.6439, 1], [""佳境"", 4.6439, 1], [""扶春"", 4.6439, 1]]",地脉、花品、翰林学士、一气、朝云、国色、太真妃、询问、扶不起、晓寒
瑞香,4,"[[""花向"", 5.6439, 2], [""清异录"", 5.6439, 2], [""错杂"", 5.6439, 2], [""异彩"", 5.6439, 2], [""祥瑞"", 5.6439, 3], [""酷烈"", 5.3219, 4], [""瑞香"", 5.3219, 4], [""艳姿"", 5.2288, 3], [""畏寒"", 5.2288, 3], [""生性"", 5.2288, 3], [""庐山"", 5.0589, 2], [""熏笼"", 5.0589, 2], [""异香"", 5.0589, 2], [""深受"", 5.0589, 2], [""描画"", 5.0589, 2], [""紫红色"", 5.0589, 2], [""浓烈"", 4.8365, 4], [""闻名"", 4.6439, 1], [""娇花"", 4.6439, 1], [""丁香"", 4.6439, 1], [""惹动"", 4.6439, 1], [""老夫"", 4.6439, 1], [""先于"", 4.6439, 1], [""玉蕊花"", 4.6439, 1], [""蓬莱仙境"", 4.6439, 1], [""佩带"", 4.6439, 1], [""清奇"", 4.6439, 1], [""回京"", 4.6439, 1], [""乱发"", 4.6439, 1], [""王孙公子"", 4.6439, 1]]",花向、清异录、错杂、异彩、祥瑞、酷烈、瑞香、艳姿、畏寒、生性
野菊,4,"[[""识赏"", 5.6439, 2], [""座主"", 5.6439, 2], [""野草"", 5.6439, 2], [""赵秉文"", 5.6439, 2], [""双关语"", 5.6439, 2], [""推现"", 5.6439, 2], [""野菊"", 5.0589, 4], [""功名"", 5.0589, 2], [""晚景"", 5.0589, 2], [""暗淡"", 5.0589, 2], [""分外"", 5.0589, 2], [""杯酒"", 4.6439, 1], [""冲寒"", 4.6439, 2], [""自生"", 4.6439, 1], [""淡绿色"", 4.6439, 1], [""平缓"", 4.6439, 1], [""梅谱"", 4.6439, 1], [""郁勃"", 4.6439, 2], [""珍品"", 4.6439, 1], [""倾泻"", 4.6439, 1], [""功效"", 4.6439, 1], [""风雅"", 4.6439, 2], [""素朴"", 4.6439, 1], [""庸流"", 4.6439, 1], [""负担"", 4.6439, 1], [""河畔"", 4.6439, 1], [""深蕴"", 4.6439, 1], [""嘲讽"", 4.6439, 1], [""适应"", 4.6439, 1], [""秋野"", 4.6439, 1]]",识赏、座主、野草、赵秉文、双关语、推现、野菊、功名、晚景、暗淡
木槿,4,"[[""木槿花"", 5.6439, 3], [""素质"", 5.6439, 2], [""火焰"", 5.0589, 2], [""木槿"", 5.0589, 2], [""千花"", 4.6439, 1], [""比之"", 4.6439, 1], [""苦思"", 4.6439, 1], [""成其为"", 4.6439, 1], [""咏槿"", 4.6439, 1], [""竞发"", 4.6439, 1], [""闭眼"", 4.6439, 1], [""太实"", 4.6439, 1], [""俗字"", 4.6439, 1], [""盛夏"", 4.6439, 1], [""抒发感情"", 4.6439, 1], [""结论"", 4.6439, 1], [""事理"", 4.6439, 1], [""开落"", 4.6439, 1], [""产物"", 4.6439, 1], [""忘忧"", 4.6439, 1], [""规律"", 4.6439, 1], [""短篱"", 4.6439, 1], [""消歇"", 4.6439, 1], [""生意"", 4.6439, 1], [""坦然"", 4.6439, 1], [""朝暮"", 4.6439, 1], [""贵贱"", 4.6439, 1], [""适用"", 4.6439, 1], [""万紫千红"", 4.6439, 1], [""互斗"", 4.6439, 1]]",木槿花、素质、火焰、木槿、千花、比之、苦思、成其为、咏槿、竞发
杏花,4,"[[""竹篱茅舍"", 4.6439, 1], [""山行"", 4.6439, 1], [""民族气节"", 4.6439, 1], [""情浓"", 4.6439, 1], [""青门"", 4.6439, 1], [""笔致"", 4.6439, 1], [""征战"", 4.6439, 1], [""上承"", 4.6439, 1], [""含蕴"", 4.6439, 1], [""遍种"", 4.6439, 1], [""清平乐"", 4.6439, 1], [""负担"", 4.6439, 1], [""出之以"", 4.6439, 1], [""写情"", 4.6439, 1], [""眼睛"", 4.6439, 1], [""金代"", 4.6439, 1], [""批判"", 4.6439, 1], [""耐人"", 4.6439, 1], [""差异"", 4.6439, 1], [""长安城"", 4.6439, 1], [""花弄影"", 4.6439, 1], [""珍爱"", 4.6439, 1], [""平行"", 4.6439, 1], [""总括"", 4.6439, 1], [""陈家"", 4.6439, 1], [""小朝廷"", 4.6439, 1], [""石栏"", 4.6439, 1], [""居处"", 4.6439, 2], [""比之"", 4.6439, 1], [""着眼于"", 4.6439, 1]]",竹篱茅舍、山行、民族气节、情浓、青门、笔致、征战、上承、含蕴、遍种
石竹,4,"[[""石竹"", 5.3219, 4], [""薛屹峰"", 5.0589, 4], [""优雅"", 4.6439, 1], [""不分"", 4.6439, 1], [""劝诫"", 4.6439, 1], [""开出"", 4.6439, 1], [""须要"", 4.6439, 1], [""说来"", 4.6439, 1], [""良久"", 4.6439, 1], [""感愤"", 4.6439, 1], [""褒贬"", 4.6439, 1], [""长者"", 4.6439, 1], [""世风"", 4.6439, 1], [""东晋时"", 4.6439, 1], [""当成"", 4.6439, 1], [""花开之"", 4.6439, 1], [""习见"", 4.6439, 1], [""短篱"", 4.6439, 1], [""关注"", 4.6439, 1], [""简陋"", 4.6439, 1], [""芳葩"", 4.6439, 1], [""杂草"", 4.6439, 1], [""稚嫩"", 4.6439, 1], [""诗风"", 4.6439, 2], [""王绩"", 4.6439, 1], [""萌生"", 4.6439, 1], [""怨尤"", 4.6439, 1], [""迫害"", 4.6439, 1], [""摧折"", 4.6439, 1], [""绿枝"", 4.6439, 1]]",石竹、薛屹峰、优雅、不分、劝诫、开出、须要、说来、良久、感愤
蔷薇,3,"[[""法度"", 6.0589, 2], [""绶带"", 6.0589, 2], [""谷雨"", 5.4739, 2], [""缨络"", 5.4739, 2], [""任务"", 5.0589, 1], [""听见"", 5.0589, 1], [""遣使"", 5.0589, 1], [""迎合"", 5.0589, 1], [""尽欢"", 5.0589, 1], [""太虚"", 5.0589, 1], [""演唱"", 5.0589, 1], [""赏赐"", 5.0589, 1], [""声价"", 5.0589, 1], [""暮霭"", 5.0589, 1], [""天宫"", 5.0589, 1], [""极态"", 5.0589, 1], [""密集"", 5.0589, 1], [""花气"", 5.0589, 1], [""朝晖"", 5.0589, 1], [""珍品"", 5.0589, 1], [""成分"", 5.0589, 1], [""告别"", 5.0589, 1], [""时记"", 5.0589, 1], [""分辨"", 5.0589, 1], [""晴雨"", 5.0589, 1], [""至少"", 5.0589, 1], [""宪宗"", 5.0589, 1], [""孤立"", 5.0589, 1], [""溶溶"", 5.0589, 1], [""紧闭"", 5.0589, 1]]",法度、绶带、谷雨、缨络、任务、听见、遣使、迎合、尽欢、太虚
蜡梅,3,"[[""范村梅"", 6.0589, 2], [""蜂蜜"", 6.0589, 2], [""张洪生"", 5.6439, 3], [""京洛"", 5.4739, 2], [""檀心"", 5.4739, 2], [""清芬"", 5.0589, 2], [""诸公"", 5.0589, 1], [""严冬"", 5.0589, 2], [""似要"", 5.0589, 1], [""麝香"", 5.0589, 1], [""刺激"", 5.0589, 1], [""香极"", 5.0589, 1], [""出之以"", 5.0589, 1], [""理性"", 5.0589, 1], [""热切"", 5.0589, 1], [""傲视"", 5.0589, 2], [""亦然"", 5.0589, 1], [""安徽"", 5.0589, 1], [""黄蜡"", 5.0589, 1], [""虚景"", 5.0589, 1], [""清癯"", 5.0589, 1], [""具言"", 5.0589, 1], [""秘密"", 5.0589, 1], [""飞越"", 5.0589, 1], [""赵令"", 5.0589, 1], [""以助"", 5.0589, 1], [""精诚"", 5.0589, 1], [""已足"", 5.0589, 1], [""化成"", 5.0589, 1], [""劝酒"", 5.0589, 1]]",范村梅、蜂蜜、张洪生、京洛、檀心、清芬、诸公、严冬、似要、麝香
雁来红,3,"[[""开元寺"", 6.0589, 2], [""柳湖"", 6.0589, 2], [""木叶"", 5.0589, 1], [""赏爱"", 5.0589, 1], [""花房"", 5.0589, 1], [""号望"", 5.0589, 1], [""鸣叫声"", 5.0589, 1], [""字形"", 5.0589, 1], [""子规"", 5.0589, 1], [""灯光"", 5.0589, 1], [""入睡"", 5.0589, 1], [""传递"", 5.0589, 1], [""山茶花"", 5.0589, 3], [""原意"", 5.0589, 1], [""罗绮"", 5.0589, 1], [""折叠"", 5.0589, 1], [""成穗状"", 5.0589, 1], [""凄厉"", 5.0589, 1], [""乔木"", 5.0589, 1], [""严谨"", 5.0589, 1], [""鸣声"", 5.0589, 1], [""激发"", 5.0589, 1], [""云南"", 5.0589, 1], [""流血"", 5.0589, 1], [""芳蕊"", 5.0589, 1], [""沉溺于"", 5.0589, 1], [""无暇"", 5.0589, 1], [""神理"", 5.0589, 1], [""游动"", 5.0589, 1], [""细密"", 5.0589, 1]]",开元寺、柳湖、木叶、赏爱、花房、号望、鸣叫声、字形、子规、灯光
蓼花,3,"[[""钓丝"", 6.0589, 2], [""鸥鸟"", 5.4739, 2], [""不倦"", 5.0589, 1], [""代之以"", 5.0589, 1], [""入秋"", 5.0589, 1], [""更替"", 5.0589, 1], [""好学"", 5.0589, 1], [""蓼花"", 5.0589, 3], [""诗中有画"", 5.0589, 1], [""田秉"", 5.0589, 1], [""故用"", 5.0589, 1], [""尾声"", 5.0589, 1], [""布满"", 5.0589, 1], [""融贯"", 5.0589, 1], [""飞上"", 5.0589, 1], [""秋容"", 5.0589, 1], [""满目"", 5.0589, 1], [""绿枝"", 5.0589, 1], [""概念"", 5.0589, 1], [""暮霭"", 5.0589, 1], [""盛夏"", 5.0589, 1], [""协调"", 5.0589, 1], [""人秋"", 5.0589, 1], [""相衬"", 5.0589, 1], [""动景"", 5.0589, 1], [""斜倚"", 5.0589, 1], [""淡绿色"", 5.0589, 1], [""垂钓"", 5.0589, 1], [""断续"", 5.0589, 1], [""从未"", 5.0589, 1]]",钓丝、鸥鸟、不倦、代之以、入秋、更替、好学、蓼花、诗中有画、田秉
芍药,3,"[[""闲览"", 6.0589, 2], [""芍药花"", 6.0589, 2], [""名著"", 6.0589, 2], [""浩态"", 6.0589, 2], [""红药"", 6.0589, 2], [""画堂"", 5.4739, 2], [""难忘"", 5.4739, 2], [""斜插"", 5.4739, 2], [""杜鹃鸟"", 5.4739, 2], [""曹光甫"", 5.4739, 2], [""常为"", 5.4739, 2], [""飞燕倚"", 5.4739, 2], [""金瓶"", 5.0589, 1], [""西园"", 5.0589, 1], [""怜花"", 5.0589, 1], [""旧情"", 5.0589, 1], [""悲叹"", 5.0589, 1], [""号望"", 5.0589, 1], [""韩绰"", 5.0589, 1], [""出使"", 5.0589, 1], [""浓淡"", 5.0589, 1], [""春衫"", 5.0589, 1], [""消瘦"", 5.0589, 1], [""竹西"", 5.0589, 1], [""子规"", 5.0589, 1], [""闻之"", 5.0589, 1], [""擷取"", 5.0589, 1], [""西路"", 5.0589, 1], [""深于"", 5.0589, 1], [""出众"", 5.0589, 1]]",闲览、芍药花、名著、浩态、红药、画堂、难忘、斜插、杜鹃鸟、曹光甫
秋海棠,3,"[[""秋海棠"", 6.0589, 3], [""丛丛"", 5.0589, 1], [""暖风"", 5.0589, 1], [""朱唇"", 5.0589, 1], [""一景"", 5.0589, 1], [""红映肉"", 5.0589, 1], [""鲜嫩"", 5.0589, 1], [""仪态万方"", 5.0589, 1], [""结尾处"", 5.0589, 1], [""交待"", 5.0589, 1], [""略有"", 5.0589, 1], [""卷纱"", 5.0589, 1], [""小酌"", 5.0589, 1], [""凉秋"", 5.0589, 1], [""凄惻"", 5.0589, 1], [""妆饰"", 5.0589, 1], [""看花"", 5.0589, 1], [""白霜"", 5.0589, 1], [""协调"", 5.0589, 1], [""一动"", 5.0589, 1], [""可观"", 5.0589, 1], [""万紫千红"", 5.0589, 1], [""枝枝"", 5.0589, 1], [""豁然"", 5.0589, 1], [""不愿"", 5.0589, 1], [""蒙蒙"", 5.0589, 1], [""大片"", 5.0589, 1], [""睡觉"", 5.0589, 1], [""脂痕"", 5.0589, 1], [""虚笔"", 5.0589, 1]]",秋海棠、丛丛、暖风、朱唇、一景、红映肉、鲜嫩、仪态万方、结尾处、交待
甘菊,2,"[[""样式"", 5.6439, 1], [""杨国忠"", 5.6439, 1], [""甘菊花"", 5.6439, 2], [""援引"", 5.6439, 1], [""杜臆"", 5.6439, 1], [""当权"", 5.6439, 1], [""拓开"", 5.6439, 1], [""信然"", 5.6439, 1], [""甘菊"", 5.6439, 2], [""何益"", 5.6439, 1], [""干进"", 5.6439, 1], [""野花"", 5.6439, 1], [""美化"", 5.6439, 1], [""宿根"", 5.6439, 2], [""排斥"", 5.6439, 1], [""盛到"", 5.6439, 1], [""不败"", 5.6439, 1], [""哀痛"", 5.6439, 1], [""入药"", 5.6439, 1], [""辛酸"", 5.6439, 1], [""仇兆鳌"", 5.6439, 1], [""逃脱"", 5.6439, 1], [""精神境界"", 5.6439, 1], [""闲散"", 5.6439, 1], [""晨光"", 5.6439, 1], [""侵袭"", 5.6439, 1], [""有效"", 5.6439, 1], [""不许"", 5.6439, 1], [""注人"", 5.6439, 1], [""鲜鲜"", 5.6439, 1]]",样式、杨国忠、甘菊花、援引、杜臆、当权、拓开、信然、甘菊、何益
芦花,2,"[[""芦花"", 6.6439, 2], [""羁留"", 6.6439, 2], [""芦苇"", 6.0589, 2], [""可到"", 5.6439, 1], [""倍感"", 5.6439, 1], [""优游"", 5.6439, 1], [""雨声"", 5.6439, 1], [""讽讽"", 5.6439, 1], [""夜泊"", 5.6439, 1], [""远眺"", 5.6439, 1], [""知名"", 5.6439, 1], [""相接"", 5.6439, 1], [""水乡"", 5.6439, 1], [""建瓯"", 5.6439, 1], [""冷色调"", 5.6439, 1], [""唱出"", 5.6439, 1], [""无踪"", 5.6439, 1], [""好学"", 5.6439, 1], [""书画"", 5.6439, 1], [""结社"", 5.6439, 1], [""来往"", 5.6439, 1], [""主持"", 5.6439, 1], [""照着"", 5.6439, 1], [""白霜"", 5.6439, 1], [""琼枝玉树"", 5.6439, 1], [""江畔"", 5.6439, 1], [""对岸"", 5.6439, 1], [""悲秋"", 5.3219, 2], [""飘泊"", 5.3219, 2], [""白露"", 5.3219, 2]]",芦花、羁留、芦苇、可到、倍感、优游、雨声、讽讽、夜泊、远眺
栀子花,2,"[[""栀子花"", 6.0589, 2], [""入微"", 5.6439, 1], [""应从"", 5.6439, 1], [""不求"", 5.6439, 1], [""咏写"", 5.6439, 1], [""长袖"", 5.6439, 1], [""芬香"", 5.6439, 1], [""暗送"", 5.6439, 1], [""南平市"", 5.6439, 1], [""目眩"", 5.6439, 1], [""闺怨"", 5.6439, 1], [""举进士"", 5.6439, 1], [""纤纤"", 5.6439, 1], [""悲惨遭遇"", 5.6439, 1], [""冰花"", 5.6439, 1], [""体诗"", 5.6439, 1], [""南邻"", 5.6439, 1], [""空虚"", 5.6439, 1], [""朱淑真"", 5.6439, 1], [""画派"", 5.6439, 1], [""称之为"", 5.6439, 1], [""西山"", 5.6439, 1], [""树影"", 5.6439, 1], [""凉气"", 5.6439, 1], [""酉阳"", 5.6439, 1], [""古人云"", 5.6439, 1], [""无赖"", 5.6439, 1], [""下风"", 5.6439, 1], [""意会"", 5.6439, 1], [""织成"", 5.6439, 1]]",栀子花、入微、应从、不求、咏写、长袖、芬香、暗送、南平市、目眩
金钱花,1,"[[""皇帝"", 6.6439, 1], [""贪婪"", 6.6439, 1], [""炫耀"", 6.6439, 1], [""应试"", 6.6439, 1], [""主宰"", 6.6439, 1], [""直斥"", 6.6439, 1], [""事理"", 6.6439, 1], [""官僚"", 6.6439, 1], [""愤激"", 6.6439, 1], [""顷刻"", 6.6439, 1], [""冷暖"", 6.6439, 1], [""不合理"", 6.6439, 1], [""激愤"", 6.6439, 1], [""观点"", 6.6439, 1], [""著作"", 6.6439, 1], [""才子"", 6.6439, 1], [""施展"", 6.6439, 1], [""贵贱"", 6.6439, 1], [""高价"", 6.6439, 1], [""引伸"", 6.6439, 1], [""劳动"", 6.6439, 1], [""刘勰"", 6.6439, 1], [""罗隐"", 6.6439, 1], [""隐喻"", 6.0589, 1], [""予以"", 6.0589, 1], [""写物"", 6.0589, 1], [""终生"", 6.0589, 1], [""规定"", 6.0589, 1], [""闪光"", 6.0589, 1], [""比附"", 6.0589, 1]]",皇帝、贪婪、炫耀、应试、主宰、直斥、事理、官僚、愤激、顷刻
兰花,1,"[[""导致"", 6.6439, 1], [""有心"", 6.6439, 1], [""捐躯"", 6.6439, 1], [""放逐"", 6.6439, 1], [""提高"", 6.6439, 1], [""前贤"", 6.6439, 1], [""宜于"", 6.6439, 1], [""长叶"", 6.6439, 1], [""清姿"", 6.6439, 1], [""耻于"", 6.6439, 1], [""簪戴"", 6.6439, 1], [""称颂"", 6.6439, 1], [""自沉"", 6.6439, 1], [""浩繁"", 6.6439, 1], [""亲临"", 6.6439, 1], [""上品"", 6.6439, 1], [""失志"", 6.6439, 1], [""芳兰"", 6.6439, 1], [""冷蕊"", 6.6439, 1], [""同心"", 6.6439, 1], [""秋瑾"", 6.6439, 1], [""幽兰"", 6.6439, 1], [""悲惨遭遇"", 6.6439, 1], [""方才"", 6.6439, 1], [""柔韧"", 6.6439, 1], [""流泪"", 6.6439, 1], [""供养"", 6.6439, 1], [""光洁"", 6.6439, 1], [""培育"", 6.6439, 1], [""精神力量"", 6.6439, 1]]",导致、有心、捐躯、放逐、提高、前贤、宜于、长叶、清姿、耻于
木棉花,1,"[[""激越"", 6.6439, 1], [""布下"", 6.6439, 1], [""英勇"", 6.6439, 1], [""红脸"", 6.6439, 1], [""筑巢"", 6.6439, 1], [""激楚"", 6.6439, 1], [""领袖"", 6.6439, 1], [""远游"", 6.6439, 1], [""国土"", 6.6439, 1], [""光华"", 6.6439, 1], [""悲怆"", 6.6439, 1], [""千树"", 6.6439, 1], [""众卉"", 6.6439, 1], [""悲壮"", 6.6439, 1], [""熊熊燃烧"", 6.6439, 1], [""轩昂"", 6.6439, 1], [""铁蹄"", 6.6439, 1], [""后羿"", 6.6439, 1], [""独冠"", 6.6439, 1], [""终归"", 6.6439, 1], [""民族"", 6.6439, 1], [""著书"", 6.6439, 1], [""伟力"", 6.6439, 1], [""想落"", 6.6439, 1], [""迎接"", 6.6439, 1], [""明亡"", 6.6439, 1], [""挥笔"", 6.6439, 1], [""无望"", 6.6439, 1], [""齐放"", 6.6439, 1], [""甚或"", 6.0589, 1]]",激越、布下、英勇、红脸、筑巢、激楚、领袖、远游、国土、光华
棠梨花,1,"[[""平铺"", 6.6439, 1], [""片花"", 6.6439, 1], [""遗钿"", 6.6439, 1], [""姊妹"", 6.6439, 1], [""作画"", 6.6439, 1], [""溪头"", 6.6439, 1], [""似即"", 6.6439, 1], [""标帜"", 6.6439, 1], [""碎雨"", 6.6439, 1], [""萌发"", 6.6439, 1], [""细碎"", 6.6439, 1], [""淡黄色"", 6.6439, 1], [""集中地"", 6.6439, 1], [""清远"", 6.6439, 1], [""翻飞"", 6.6439, 1], [""乡间"", 6.6439, 1], [""遗落"", 6.6439, 1], [""寺庙"", 6.6439, 1], [""号称"", 6.6439, 1], [""酿蜜"", 6.6439, 1], [""逗出"", 6.6439, 1], [""白玉"", 6.6439, 1], [""农家"", 6.6439, 1], [""惹起"", 6.6439, 1], [""悬挂"", 6.6439, 1], [""嫩芽"", 6.6439, 1], [""繁星"", 6.6439, 1], [""农民"", 6.6439, 1], [""春景"", 6.6439, 1], [""罗绮"", 6.6439, 1]]",平铺、片花、遗钿、姊妹、作画、溪头、似即、标帜、碎雨、萌发
迎春花,1,"[[""最先"", 6.6439, 1], [""人京"", 6.6439, 1], [""垂杨"", 6.6439, 1], [""先于"", 6.6439, 1], [""科举"", 6.6439, 1], [""赠看"", 6.6439, 1], [""坚持"", 6.6439, 1], [""诸君子"", 6.6439, 1], [""新贵"", 6.6439, 1], [""东园"", 6.6439, 1], [""重游"", 6.6439, 1], [""战斗"", 6.6439, 1], [""游宴"", 6.6439, 1], [""竹窗"", 6.6439, 1], [""嘲笑"", 6.6439, 1], [""前度刘郎"", 6.6439, 1], [""神采"", 6.6439, 1], [""主客"", 6.6439, 1], [""杨柳枝"", 6.6439, 1], [""高风亮节"", 6.6439, 1], [""贞元"", 6.0589, 1], [""诙谐"", 6.0589, 1], [""青松"", 6.0589, 1], [""普通"", 6.0589, 1], [""风度"", 6.0589, 1], [""讥刺"", 6.0589, 1], [""常青"", 6.0589, 1], [""烟云"", 6.0589, 1], [""邀请"", 6.0589, 1], [""菜花"", 6.0589, 1]]",最先、人京、垂杨、先于、科举、赠看、坚持、诸君子、新贵、东园
山茶花,1,"[[""流丽"", 6.6439, 1], [""赏爱"", 6.6439, 1], [""红花绿叶"", 6.6439, 1], [""水芙蓉"", 6.6439, 1], [""花房"", 6.6439, 1], [""风华"", 6.6439, 1], [""称之为"", 6.6439, 1], [""茶树"", 6.6439, 1], [""仙葩"", 6.6439, 1], [""农历"", 6.6439, 1], [""要数"", 6.6439, 1], [""华采"", 6.6439, 1], [""华美"", 6.6439, 1], [""誉为"", 6.6439, 1], [""烘暖"", 6.6439, 1], [""风定"", 6.6439, 1], [""云南"", 6.6439, 1], [""天生"", 6.0589, 1], [""霜花"", 6.0589, 1], [""花谱"", 6.0589, 1], [""树干"", 6.0589, 1], [""云蒸霞蔚"", 6.0589, 1], [""越来越"", 6.0589, 1], [""种植"", 6.0589, 1], [""赢得"", 6.0589, 1], [""木棉花"", 6.0589, 1], [""迭出"", 6.0589, 1], [""精美"", 6.0589, 1], [""遮蔽"", 6.0589, 1], [""高高"", 6.0589, 1]]",流丽、赏爱、红花绿叶、水芙蓉、花房、风华、称之为、茶树、仙葩、农历
山茶,1,"[[""长寿"", 6.6439, 1], [""祈求"", 6.6439, 1], [""消融"", 6.6439, 1], [""江都县"", 6.6439, 1], [""条件"", 6.6439, 1], [""忍不住"", 6.6439, 1], [""语调"", 6.6439, 1], [""熊熊燃烧"", 6.6439, 1], [""自在"", 6.6439, 1], [""独来"", 6.6439, 1], [""记游"", 6.6439, 1], [""赶上"", 6.6439, 1], [""领悟到"", 6.6439, 1], [""昂然"", 6.6439, 1], [""恶劣"", 6.6439, 1], [""当成"", 6.6439, 1], [""倾诉"", 6.0589, 1], [""生气"", 6.0589, 1], [""谈论"", 6.0589, 1], [""反差"", 6.0589, 1], [""诗行"", 6.0589, 1], [""丰姿"", 6.0589, 1], [""有没有"", 6.0589, 1], [""留意"", 6.0589, 1], [""高傲"", 6.0589, 1], [""高手"", 6.0589, 1], [""细细品味"", 6.0589, 1], [""飘飞"", 6.0589, 1], [""近乎"", 6.0589, 1], [""火热"", 5.6439, 1]]",长寿、祈求、消融、江都县、条件、忍不住、语调、熊熊燃烧、自在、独来
素馨,1,"[[""消暑"", 6.6439, 1], [""郁郁"", 6.6439, 1], [""张华"", 6.6439, 1], [""井然"", 6.6439, 1], [""云鬓"", 6.6439, 1], [""方能"", 6.6439, 1], [""陡起"", 6.6439, 1], [""闻之"", 6.6439, 1], [""冬青"", 6.6439, 1], [""条载"", 6.6439, 1], [""卢仝"", 6.6439, 1], [""椭圆形"", 6.6439, 1], [""刘氏"", 6.6439, 1], [""润泽"", 6.6439, 1], [""神灵"", 6.6439, 1], [""烹茶"", 6.6439, 1], [""甘露"", 6.6439, 1], [""东方朔"", 6.6439, 1], [""上升"", 6.6439, 1], [""馈赠"", 6.6439, 1], [""南海"", 6.6439, 1], [""该词"", 6.6439, 1], [""奉献"", 6.6439, 1], [""贡献"", 6.6439, 1], [""煞尾"", 6.6439, 1], [""无语"", 6.6439, 1], [""仙化"", 6.6439, 1], [""肌骨"", 6.6439, 1], [""向晚"", 6.0589, 1], [""习习"", 6.0589, 1]]",消暑、郁郁、张华、井然、云鬓、方能、陡起、闻之、冬青、条载
木兰,1,"[[""样式"", 6.6439, 1], [""咏写"", 6.6439, 1], [""花黄"", 6.6439, 1], [""看重"", 6.6439, 1], [""厚大"", 6.6439, 1], [""陶冶"", 6.6439, 1], [""江南水乡"", 6.6439, 1], [""黄心"", 6.6439, 1], [""枝叶扶疏"", 6.6439, 1], [""秉性"", 6.6439, 1], [""香味"", 6.0589, 1], [""茉莉花"", 6.0589, 1], [""重在"", 6.0589, 1], [""酷暑"", 6.0589, 1], [""随手"", 6.0589, 1], [""仰慕"", 6.0589, 1], [""脂粉气"", 6.0589, 1], [""松柏"", 6.0589, 1], [""人世间"", 5.6439, 1], [""严霜"", 5.6439, 1], [""木莲"", 5.6439, 1], [""朴素"", 5.6439, 1], [""陈建生"", 5.6439, 1], [""花诗"", 5.6439, 1], [""衣服"", 5.6439, 1], [""媚态"", 5.6439, 1], [""小窗"", 5.6439, 1], [""蛾眉"", 5.6439, 1], [""铅华"", 5.6439, 1], [""由衷"", 5.3219, 1]]",样式、咏写、花黄、看重、厚大、陶冶、江南水乡、黄心、枝叶扶疏、秉性
剪春罗,1,"[[""觉醒"", 6.6439, 1], [""精神境界"", 6.6439, 1], [""贺知章"", 6.6439, 1], [""锦缎"", 6.6439, 1], [""神光"", 6.6439, 1], [""推翻"", 6.6439, 1], [""鲜嫩"", 6.6439, 1], [""聪颖"", 6.6439, 1], [""重压"", 6.6439, 1], [""鲜润"", 6.6439, 1], [""呼唤"", 6.6439, 1], [""呼喊"", 6.6439, 1], [""秋瑾"", 6.6439, 1], [""蜂起"", 6.6439, 1], [""旧体诗"", 6.6439, 1], [""厚大"", 6.6439, 1], [""平等"", 6.6439, 1], [""剪刀"", 6.6439, 1], [""青春少女"", 6.6439, 1], [""响亮"", 6.6439, 1], [""灵秀"", 6.6439, 1], [""染上"", 6.0589, 1], [""告诫"", 6.0589, 1], [""春心"", 6.0589, 1], [""和煦"", 6.0589, 1], [""勤劳"", 6.0589, 1], [""稀疏"", 6.0589, 1], [""护花"", 6.0589, 1], [""热情"", 6.0589, 1], [""精美"", 6.0589, 1]]",觉醒、精神境界、贺知章、锦缎、神光、推翻、鲜嫩、聪颖、重压、鲜润
蘋花,1,"[[""河伯"", 6.6439, 1], [""岂非"", 6.6439, 1], [""破石"", 6.6439, 1], [""触动"", 6.6439, 1], [""加工"", 6.6439, 1], [""洞庭"", 6.6439, 1], [""采芳洲"", 6.6439, 1], [""诗章"", 6.6439, 1], [""字形"", 6.6439, 1], [""吹动"", 6.6439, 1], [""乡愁"", 6.6439, 1], [""送君"", 6.6439, 1], [""阔大"", 6.6439, 1], [""金诗"", 6.6439, 1], [""讽讽"", 6.6439, 1], [""组织"", 6.6439, 1], [""首以"", 6.6439, 1], [""佳期"", 6.6439, 1], [""杜若"", 6.6439, 1], [""芳馨"", 6.6439, 1], [""知名"", 6.6439, 1], [""代表性"", 6.6439, 1], [""素养"", 6.6439, 1], [""金花"", 6.6439, 1], [""带上"", 6.6439, 1], [""木叶"", 6.6439, 1], [""提供"", 6.0589, 1], [""锤炼"", 6.0589, 1], [""潇湘"", 6.0589, 1], [""一再"", 6.0589, 1]]",河伯、岂非、破石、触动、加工、洞庭、采芳洲、诗章、字形、吹动
滴滴金,1,"[[""闻名"", 6.6439, 1], [""贪婪"", 6.6439, 1], [""唯其"", 6.6439, 1], [""花黄"", 6.6439, 1], [""富丽"", 6.6439, 1], [""决非"", 6.6439, 1], [""较大"", 6.6439, 1], [""滴露"", 6.6439, 1], [""天风"", 6.6439, 1], [""飘忽"", 6.6439, 1], [""用人"", 6.6439, 1], [""新花"", 6.6439, 1], [""田秉"", 6.6439, 1], [""繁衍"", 6.6439, 1], [""丽色"", 6.6439, 1], [""占有"", 6.6439, 1], [""连同"", 6.6439, 1], [""俯视"", 6.6439, 1], [""花本"", 6.6439, 1], [""回避"", 6.6439, 1], [""混淆"", 6.6439, 1], [""萌发"", 6.6439, 1], [""初读"", 6.6439, 1], [""难解"", 6.6439, 1], [""纵观"", 6.6439, 1], [""金花"", 6.6439, 1], [""新生"", 6.6439, 1], [""人秋"", 6.6439, 1], [""相生"", 6.6439, 1], [""近景"", 6.0589, 1]]",闻名、贪婪、唯其、花黄、富丽、决非、较大、滴露、天风、飘忽
金沙,1,"[[""敏锐"", 6.6439, 1], [""江西"", 6.6439, 1], [""误认"", 6.6439, 1], [""迫近"", 6.6439, 1], [""玉蕊花"", 6.6439, 1], [""太后"", 6.6439, 1], [""佩玉"", 6.6439, 1], [""洋溢"", 6.6439, 1], [""呼之"", 6.6439, 1], [""兴于"", 6.6439, 1], [""出头"", 6.6439, 1], [""中学"", 6.6439, 1], [""习气"", 6.6439, 1], [""隋炀帝"", 6.6439, 1], [""飞上"", 6.6439, 1], [""坦然"", 6.6439, 1], [""平山堂"", 6.6439, 1], [""很大"", 6.6439, 1], [""新生"", 6.6439, 1], [""倾诉"", 6.0589, 1], [""宽阔"", 6.0589, 1], [""秀色"", 6.0589, 1], [""松树"", 6.0589, 1], [""普通"", 6.0589, 1], [""树干"", 6.0589, 1], [""指实"", 6.0589, 1], [""八仙"", 6.0589, 1], [""维扬"", 6.0589, 1], [""诗派"", 6.0589, 1], [""德寿宫"", 6.0589, 1]]",敏锐、江西、误认、迫近、玉蕊花、太后、佩玉、洋溢、呼之、兴于
秋葵,1,"[[""逊色"", 6.6439, 1], [""孔子"", 6.6439, 1], [""素心"", 6.6439, 1], [""乃止"", 6.6439, 1], [""掩没"", 6.6439, 1], [""悲怆"", 6.6439, 1], [""西征"", 6.6439, 1], [""晏殊"", 6.6439, 1], [""词坛"", 6.6439, 1], [""身着"", 6.6439, 1], [""逗人"", 6.6439, 1], [""渗人"", 6.6439, 1], [""露重"", 6.6439, 1], [""芳兰"", 6.6439, 1], [""照着"", 6.6439, 1], [""萎谢"", 6.6439, 1], [""喟然"", 6.6439, 1], [""花白"", 6.6439, 1], [""金杯"", 6.6439, 1], [""照此"", 6.6439, 1], [""雅韵"", 6.6439, 1], [""当即"", 6.6439, 1], [""极品"", 6.6439, 1], [""感遇"", 6.6439, 1], [""之兰"", 6.6439, 1], [""下坠"", 6.6439, 1], [""厌烦"", 6.6439, 1], [""独茂"", 6.6439, 1], [""葵花"", 6.6439, 1], [""逢时"", 6.6439, 1]]",逊色、孔子、素心、乃止、掩没、悲怆、西征、晏殊、词坛、身着
月季,1,"[[""冠冕"", 6.6439, 1], [""折来"", 6.6439, 1], [""独与"", 6.6439, 1], [""诱发"", 6.6439, 1], [""移步"", 6.6439, 1], [""山川"", 6.6439, 1], [""统摄"", 6.6439, 1], [""妙用"", 6.0589, 1], [""警醒"", 6.0589, 1], [""夸饰"", 6.0589, 1], [""比附"", 6.0589, 1], [""花萼"", 6.0589, 1], [""愉悦"", 6.0589, 1], [""气节"", 6.0589, 1], [""极端"", 6.0589, 1], [""异香"", 6.0589, 1], [""忘却"", 6.0589, 1], [""人境"", 6.0589, 1], [""白雪"", 5.6439, 1], [""品性"", 5.6439, 1], [""不绝"", 5.6439, 1], [""独步"", 5.6439, 1], [""往复"", 5.6439, 1], [""兴奋"", 5.6439, 1], [""修辞"", 5.6439, 1], [""翡翠"", 5.6439, 1], [""超过"", 5.3219, 1], [""较之"", 5.3219, 1], [""心志"", 5.3219, 1], [""欣喜"", 5.3219, 1]]",冠冕、折来、独与、诱发、移步、山川、统摄、妙用、警醒、夸饰
紫薇,1,"[[""官署"", 6.6439, 1], [""晚霞"", 6.6439, 1], [""主战派"", 6.6439, 1], [""粗壮"", 6.6439, 1], [""独坐"", 6.6439, 1], [""缩影"", 6.6439, 1], [""潮湿"", 6.6439, 1], [""改为"", 6.6439, 1], [""起承转合"", 6.6439, 1], [""失势"", 6.6439, 1], [""抗金"", 6.6439, 1], [""滞于"", 6.6439, 1], [""代之"", 6.6439, 1], [""池沼"", 6.6439, 1], [""销蚀"", 6.6439, 1], [""赵春"", 6.6439, 1], [""京师"", 6.0589, 1], [""转到"", 6.0589, 1], [""中书省"", 6.0589, 1], [""置于"", 6.0589, 1], [""衔接"", 6.0589, 1], [""芦苇"", 6.0589, 1], [""叶片"", 6.0589, 1], [""宠幸"", 6.0589, 1], [""晃动"", 6.0589, 1], [""孝宗"", 5.6439, 1], [""称誉"", 5.6439, 1], [""直立"", 5.6439, 1], [""陈建生"", 5.6439, 1], [""京城"", 5.6439, 1]]",官署、晚霞、主战派、粗壮、独坐、缩影、潮湿、改为、起承转合、失势
鸡冠花,1,"[[""白马"", 6.6439, 1], [""画幅"", 6.6439, 1], [""主角"", 6.6439, 1], [""勃勃"", 6.6439, 1], [""声色"", 6.6439, 1], [""综合"", 6.6439, 1], [""殷殷"", 6.6439, 1], [""日出"", 6.6439, 1], [""烈火"", 6.6439, 1], [""缠绕"", 6.6439, 1], [""深紫"", 6.6439, 1], [""显著"", 6.6439, 1], [""响亮"", 6.6439, 1], [""神驰"", 6.6439, 1], [""心爱"", 6.6439, 1], [""凝结"", 6.0589, 1], [""攀援"", 6.0589, 1], [""唤出"", 6.0589, 1], [""重彩"", 6.0589, 1], [""紫红"", 5.6439, 1], [""长条"", 5.6439, 1], [""鸡冠"", 5.6439, 1], [""英姿"", 5.6439, 1], [""鲜血"", 5.6439, 1], [""萎落"", 5.6439, 1], [""鲜丽"", 5.3219, 1], [""活脱"", 5.3219, 1], [""写活"", 5.3219, 1], [""浓重"", 5.3219, 1], [""忘记"", 5.3219, 1]]",白马、画幅、主角、勃勃、声色、综合、殷殷、日出、烈火、缠绕
曼陀罗,1,"[[""白如玉"", 6.6439, 1], [""对应"", 6.6439, 1], [""木犀"", 6.6439, 1], [""金色"", 6.6439, 1], [""低昂"", 6.6439, 1], [""曼陀罗花"", 6.6439, 1], [""秋葵"", 6.6439, 1], [""发议论"", 6.6439, 1], [""纹理"", 6.6439, 1], [""苹花"", 6.6439, 1], [""丛花"", 6.6439, 1], [""簇生"", 6.6439, 1], [""香奇"", 6.6439, 1], [""曼陀罗"", 6.6439, 1], [""调动"", 6.6439, 1], [""对立"", 6.6439, 1], [""奠定"", 6.6439, 1], [""鼓荡"", 6.0589, 1], [""叶腋"", 6.0589, 1], [""绝尘"", 6.0589, 1], [""撇开"", 6.0589, 1], [""及第"", 6.0589, 1], [""陈与义"", 6.0589, 1], [""性质"", 6.0589, 1], [""桂香"", 6.0589, 1], [""秋兰"", 6.0589, 1], [""木槿"", 6.0589, 1], [""园圃"", 6.0589, 1], [""风貌"", 6.0589, 1], [""飘香"", 5.6439, 1]]",白如玉、对应、木犀、金色、低昂、曼陀罗花、秋葵、发议论、纹理、苹花
金银花,1,"[[""天文"", 6.6439, 1], [""喻花"", 6.6439, 1], [""王夫人"", 6.6439, 1], [""灵通"", 6.6439, 1], [""不分"", 6.6439, 1], [""簪戴"", 6.6439, 1], [""难整"", 6.6439, 1], [""两联"", 6.6439, 1], [""垂挂"", 6.6439, 1], [""秋天里"", 6.6439, 1], [""人药"", 6.0589, 1], [""倾侧"", 6.0589, 1], [""周敦颐"", 6.0589, 1], [""爱莲说"", 6.0589, 1], [""不愧"", 6.0589, 1], [""理趣"", 6.0589, 1], [""黄白"", 6.0589, 1], [""恰似"", 5.6439, 1], [""化工"", 5.6439, 1], [""称作"", 5.6439, 1], [""细微"", 5.6439, 1], [""传来"", 5.6439, 1], [""体物"", 5.6439, 1], [""金钗"", 5.6439, 1], [""淮南子"", 5.6439, 1], [""姜斋"", 5.6439, 1], [""染成"", 5.6439, 1], [""王夫之"", 5.3219, 1], [""君子"", 5.3219, 1], [""花苞"", 5.3219, 1]]",天文、喻花、王夫人、灵通、不分、簪戴、难整、两联、垂挂、秋天里
玉兰,1,"[[""一池"", 6.6439, 1], [""枝枝"", 6.6439, 1], [""轻洒"", 6.6439, 1], [""片花"", 6.6439, 1], [""吻合"", 6.6439, 1], [""园艺"", 6.6439, 1], [""滞于"", 6.6439, 1], [""穿行"", 6.6439, 1], [""生成"", 6.6439, 1], [""插入"", 6.6439, 1], [""楼头"", 6.6439, 1], [""冰心"", 6.6439, 1], [""对偶"", 6.6439, 1], [""特长"", 6.6439, 1], [""妖艳"", 6.6439, 1], [""灵秀"", 6.6439, 1], [""申说"", 6.6439, 1], [""侵犯"", 6.0589, 1], [""碧水"", 6.0589, 1], [""轻风"", 6.0589, 1], [""雅洁"", 6.0589, 1], [""丰姿"", 6.0589, 1], [""极具"", 6.0589, 1], [""升起"", 6.0589, 1], [""超出"", 6.0589, 1], [""薄雾"", 6.0589, 1], [""端庄"", 6.0589, 1], [""故尔"", 6.0589, 1], [""自好"", 6.0589, 1], [""不受"", 6.0589, 1]]",一池、枝枝、轻洒、片花、吻合、园艺、滞于、穿行、生成、插入
琼花,1,"[[""陈家"", 6.6439, 1], [""蒙元"", 6.6439, 1], [""高山"", 6.6439, 1], [""吴融"", 6.6439, 1], [""寿阳"", 6.6439, 1], [""玉树"", 6.6439, 1], [""璧月"", 6.6439, 1], [""春冰"", 6.6439, 1], [""原始"", 6.6439, 1], [""宋武帝"", 6.6439, 1], [""呼之"", 6.6439, 1], [""檐下"", 6.6439, 1], [""后庭花"", 6.6439, 1], [""仙葩"", 6.6439, 1], [""中学"", 6.6439, 1], [""隋炀帝"", 6.6439, 1], [""仙乡"", 6.6439, 1], [""平山堂"", 6.6439, 1], [""混淆"", 6.6439, 1], [""实感"", 6.6439, 1], [""唱叹"", 6.6439, 1], [""另一番"", 6.0589, 1], [""簇拥"", 6.0589, 1], [""因素"", 6.0589, 1], [""香味"", 6.0589, 1], [""假设"", 6.0589, 1], [""一并"", 6.0589, 1], [""松树"", 6.0589, 1], [""写物"", 6.0589, 1], [""树干"", 6.0589, 1]]",陈家、蒙元、高山、吴融、寿阳、玉树、璧月、春冰、原始、宋武帝
李花,1,"[[""情因"", 6.6439, 1], [""山花"", 6.6439, 1], [""长江"", 6.6439, 1], [""渴求"", 6.6439, 1], [""古人云"", 6.6439, 1], [""寒食"", 6.6439, 1], [""人扣"", 6.6439, 1], [""极度"", 6.6439, 1], [""推想到"", 6.6439, 1], [""写真"", 6.6439, 1], [""绘画"", 6.6439, 1], [""极致"", 6.6439, 1], [""互补"", 6.6439, 1], [""天际"", 6.6439, 1], [""独居"", 6.6439, 1], [""泪眼"", 6.6439, 1], [""牵引"", 6.6439, 1], [""做作"", 6.6439, 1], [""欢聚"", 6.6439, 1], [""欲望"", 6.6439, 1], [""愁肠"", 6.6439, 1], [""惹动"", 6.6439, 1], [""醉心"", 6.6439, 1], [""直观"", 6.6439, 1], [""浩渺"", 6.6439, 1], [""下泪"", 6.6439, 1], [""水乳交融"", 6.6439, 1], [""祥云"", 6.6439, 1], [""倒置"", 6.6439, 1], [""意为"", 6.6439, 1]]",情因、山花、长江、渴求、古人云、寒食、人扣、极度、推想到、写真
杜鹃,1,"[[""鸣叫声"", 6.6439, 1], [""山花"", 6.6439, 1], [""幽花"", 6.6439, 1], [""眼睛"", 6.6439, 1], [""坠楼"", 6.6439, 1], [""想念"", 6.6439, 1], [""循环"", 6.6439, 1], [""绿珠"", 6.6439, 1], [""粲然"", 6.6439, 1], [""殷红"", 6.6439, 1], [""天高"", 6.6439, 1], [""缓缓"", 6.6439, 1], [""唐元稹"", 6.6439, 1], [""垂钓"", 6.6439, 1], [""规律"", 6.6439, 1], [""雨声"", 6.6439, 1], [""记取"", 6.6439, 1], [""消歇"", 6.6439, 1], [""石畔"", 6.6439, 1], [""飘动"", 6.6439, 1], [""年少"", 6.6439, 1], [""硕大"", 6.6439, 1], [""雨霁"", 6.6439, 1], [""猩血"", 6.6439, 1], [""风声"", 6.6439, 1], [""偏僻"", 6.6439, 1], [""停留"", 6.6439, 1], [""多愁"", 6.6439, 1], [""话语"", 6.6439, 1], [""乐天"", 6.6439, 1]]",鸣叫声、山花、幽花、眼睛、坠楼、想念、循环、绿珠、粲然、殷红
水仙,1,"[[""异于"", 6.6439, 1], [""爱慕"", 6.6439, 1], [""拒绝"", 6.6439, 1], [""恋爱"", 6.6439, 1], [""河神"", 6.6439, 1], [""粘滞"", 6.6439, 1], [""动心"", 6.6439, 1], [""佩玉"", 6.6439, 1], [""碧波"", 6.6439, 1], [""解佩赠"", 6.6439, 1], [""殷殷"", 6.6439, 1], [""姊妹"", 6.6439, 1], [""神化"", 6.6439, 1], [""儿子"", 6.6439, 1], [""名叫"", 6.6439, 1], [""但愿"", 6.6439, 1], [""王逸"", 6.6439, 1], [""之兰"", 6.6439, 1], [""行走"", 6.6439, 1], [""意想"", 6.6439, 1], [""美丽动人"", 6.6439, 1], [""解珮"", 6.6439, 1], [""香魂"", 6.0589, 1], [""玉佩"", 6.0589, 1], [""穿着"", 6.0589, 1], [""出游"", 6.0589, 1], [""赠给"", 6.0589, 1], [""渡江"", 6.0589, 1], [""姑娘"", 6.0589, 1], [""言喻"", 6.0589, 1]]",异于、爱慕、拒绝、恋爱、河神、粘滞、动心、佩玉、碧波、解佩赠
